﻿<?xml version="1.0" encoding="utf-8" ?>
<Advertisements>
  <Ad>

    <ImageUrl>images\images (3).jpg</ImageUrl>
    <NavigateUrl>http://www.google.com</NavigateUrl>

    <AlternameText>Asp.Net Futute Technology</AlternameText>
    <Keyword>ASP</Keyword>
    <Impressions>200</Impressions>
  </Ad>
  <Ad>

    <ImageUrl>/images\2page-img1.jpg</ImageUrl>
    <NavigateUrl>http://www.gmail.com</NavigateUrl>

    <AlternameText>Asp.Net Futute Technology</AlternameText>
    <Keyword>ASP</Keyword>
    <Impressions>300</Impressions>
  </Ad>
  <Ad>

    <ImageUrl>images\images (3).jpg</ImageUrl>
    <NavigateUrl>http://www.yahoo.com</NavigateUrl>

    <AlternameText>Asp.Net Futute Technology</AlternameText>
    <Keyword>ASP</Keyword>
    <Impressions>100</Impressions>
  </Ad>
  <Ad>

    <ImageUrl>images\2page-img1.jpg</ImageUrl>
    <NavigateUrl>http://www.w3schools.com</NavigateUrl>

    <AlternameText>Asp.Net Futute Technology</AlternameText>
    <Keyword>ASP</Keyword>
    <Impressions>200</Impressions>
  </Ad>
  
</Advertisements>